id,x,y,z
0,"x: 0.06549416482448578
y: 0.5080265998840332
z: -1.4768089329209033e-07
"
id,x,y,z
1,"x: 0.042488597333431244
y: 0.4655551314353943
z: 0.001172688789665699
"
id,x,y,z
2,"x: 0.0059726424515247345
y: 0.43583112955093384
z: -0.003979372326284647
"
id,x,y,z
3,"x: -0.025960193946957588
y: 0.42661651968955994
z: -0.009451695717871189
"
id,x,y,z
4,"x: -0.04959336295723915
y: 0.43515506386756897
z: -0.01654808409512043
"
id,x,y,z
5,"x: 0.003315600333735347
y: 0.4086165130138397
z: -0.018839126452803612
"
id,x,y,z
6,"x: -0.03730523958802223
y: 0.41480836272239685
z: -0.031080318614840508
"
id,x,y,z
7,"x: -0.049257997423410416
y: 0.4389774799346924
z: -0.038224030286073685
"
id,x,y,z
8,"x: -0.0543643981218338
y: 0.44891074299812317
z: -0.042519647628068924
"
id,x,y,z
9,"x: 0.008259432390332222
y: 0.44222351908683777
z: -0.025246266275644302
"
id,x,y,z
10,"x: -0.03222005069255829
y: 0.45228591561317444
z: -0.033780451864004135
"
id,x,y,z
11,"x: -0.040696363896131516
y: 0.4722222089767456
z: -0.03628547117114067
"
id,x,y,z
12,"x: -0.04233621060848236
y: 0.48065707087516785
z: -0.039464738219976425
"
id,x,y,z
13,"x: 0.013707093894481659
y: 0.4838862717151642
z: -0.030781878158450127
"
id,x,y,z
14,"x: -0.02479730360209942
y: 0.49116531014442444
z: -0.03867973014712334
"
id,x,y,z
15,"x: -0.032046906650066376
y: 0.5080310106277466
z: -0.036032985895872116
"
id,x,y,z
16,"x: -0.033173974603414536
y: 0.5147945880889893
z: -0.03495268523693085
"
id,x,y,z
17,"x: 0.01818731799721718
y: 0.5293011665344238
z: -0.03553825989365578
"
id,x,y,z
18,"x: -0.017050163820385933
y: 0.5353143215179443
z: -0.04204527661204338
"
id,x,y,z
19,"x: -0.02404691092669964
y: 0.5455058813095093
z: -0.03900672495365143
"
id,x,y,z
20,"x: -0.026751236990094185
y: 0.5505394339561462
z: -0.036444660276174545
"
id,x,y,z
0,"x: 0.07546406239271164
y: 0.49684152007102966
z: -1.138357248464672e-07
"
id,x,y,z
1,"x: 0.04912888631224632
y: 0.45647773146629333
z: 0.0008646607748232782
"
id,x,y,z
2,"x: 0.012338893488049507
y: 0.42433202266693115
z: -0.005201679188758135
"
id,x,y,z
3,"x: -0.01743127405643463
y: 0.40992552042007446
z: -0.011163339950144291
"
id,x,y,z
4,"x: -0.039228327572345734
y: 0.417120099067688
z: -0.019968627020716667
"
id,x,y,z
5,"x: 0.013330085203051567
y: 0.41931653022766113
z: -0.028547486290335655
"
id,x,y,z
6,"x: -0.02587970532476902
y: 0.4270454943180084
z: -0.04190564900636673
"
id,x,y,z
7,"x: -0.04642895236611366
y: 0.44485485553741455
z: -0.049676429480314255
"
id,x,y,z
8,"x: -0.06106339022517204
y: 0.4578239321708679
z: -0.05492215231060982
"
id,x,y,z
9,"x: 0.021069342270493507
y: 0.45248183608055115
z: -0.03605029731988907
"
id,x,y,z
10,"x: -0.019447775557637215
y: 0.46390751004219055
z: -0.04597340524196625
"
id,x,y,z
11,"x: -0.03783798590302467
y: 0.48099619150161743
z: -0.04912674054503441
"
id,x,y,z
12,"x: -0.04833251237869263
y: 0.4946223795413971
z: -0.05348800867795944
"
id,x,y,z
13,"x: 0.03008248284459114
y: 0.49380767345428467
z: -0.042078614234924316
"
id,x,y,z
14,"x: -0.00996425375342369
y: 0.50455641746521
z: -0.05116725713014603
"
id,x,y,z
15,"x: -0.027230076491832733
y: 0.5200440287590027
z: -0.04974408075213432
"
id,x,y,z
16,"x: -0.03668208792805672
y: 0.5298447608947754
z: -0.05014859512448311
"
id,x,y,z
17,"x: 0.03807244449853897
y: 0.5388557314872742
z: -0.0472516305744648
"
id,x,y,z
18,"x: 0.001163906417787075
y: 0.5518114566802979
z: -0.05607599765062332
"
id,x,y,z
19,"x: -0.015064539387822151
y: 0.5605659484863281
z: -0.05513491481542587
"
id,x,y,z
20,"x: -0.02559196576476097
y: 0.5659884810447693
z: -0.05457524210214615
"
id,x,y,z
0,"x: 0.0768970176577568
y: 0.48746758699417114
z: -1.1900656460284154e-08
"
id,x,y,z
1,"x: 0.04974106699228287
y: 0.4452049434185028
z: -0.0005149282515048981
"
id,x,y,z
2,"x: 0.015904761850833893
y: 0.4146387279033661
z: -0.008516478352248669
"
id,x,y,z
3,"x: -0.011434195563197136
y: 0.4029468894004822
z: -0.016155676916241646
"
id,x,y,z
4,"x: -0.032613761723041534
y: 0.4115411043167114
z: -0.02658584527671337
"
id,x,y,z
5,"x: 0.017793070524930954
y: 0.417553573846817
z: -0.033424098044633865
"
id,x,y,z
6,"x: -0.022088201716542244
y: 0.431530237197876
z: -0.04830145463347435
"
id,x,y,z
7,"x: -0.04220888763666153
y: 0.44539716839790344
z: -0.05587737262248993
"
id,x,y,z
8,"x: -0.055171526968479156
y: 0.45542365312576294
z: -0.06042352318763733
"
id,x,y,z
9,"x: 0.0269500520080328
y: 0.45590564608573914
z: -0.040870774537324905
"
id,x,y,z
10,"x: -0.015350999310612679
y: 0.47376748919487
z: -0.05383697897195816
"
id,x,y,z
11,"x: -0.0367204025387764
y: 0.4850374162197113
z: -0.05827605724334717
"
id,x,y,z
12,"x: -0.049746207892894745
y: 0.4930248558521271
z: -0.06283628940582275
"
id,x,y,z
13,"x: 0.036259330809116364
y: 0.49874842166900635
z: -0.046839162707328796
"
id,x,y,z
14,"x: -0.005231151357293129
y: 0.5154852867126465
z: -0.05820596590638161
"
id,x,y,z
15,"x: -0.026868687942624092
y: 0.5264567136764526
z: -0.05865814909338951
"
id,x,y,z
16,"x: -0.04066061973571777
y: 0.5320330858230591
z: -0.05982935056090355
"
id,x,y,z
17,"x: 0.044470690190792084
y: 0.5418785214424133
z: -0.05196448042988777
"
id,x,y,z
18,"x: 0.007220670115202665
y: 0.5589930415153503
z: -0.06269609183073044
"
id,x,y,z
19,"x: -0.012383783236145973
y: 0.5647773146629333
z: -0.06367447972297668
"
id,x,y,z
20,"x: -0.026201294735074043
y: 0.566558301448822
z: -0.06423227488994598
"
id,x,y,z
0,"x: 0.08713452517986298
y: 0.4812125563621521
z: 2.9622124753103662e-09
"
id,x,y,z
1,"x: 0.05988088250160217
y: 0.4428715109825134
z: -0.002036245772615075
"
id,x,y,z
2,"x: 0.026625679805874825
y: 0.4066171944141388
z: -0.010761450976133347
"
id,x,y,z
3,"x: 0.0030444320291280746
y: 0.3788418173789978
z: -0.01831238716840744
"
id,x,y,z
4,"x: -0.01317994762212038
y: 0.3541440963745117
z: -0.028412088751792908
"
id,x,y,z
5,"x: 0.03383738920092583
y: 0.4055270552635193
z: -0.03753146529197693
"
id,x,y,z
6,"x: -0.001344076357781887
y: 0.40699344873428345
z: -0.0514582060277462
"
id,x,y,z
7,"x: -0.02259989082813263
y: 0.4149589538574219
z: -0.05753327161073685
"
id,x,y,z
8,"x: -0.0371544249355793
y: 0.423711359500885
z: -0.06106821820139885
"
id,x,y,z
9,"x: 0.044144369661808014
y: 0.44297876954078674
z: -0.04353543743491173
"
id,x,y,z
10,"x: 0.004100472666323185
y: 0.4556137025356293
z: -0.05585941672325134
"
id,x,y,z
11,"x: -0.01826648786664009
y: 0.46625256538391113
z: -0.05857955291867256
"
id,x,y,z
12,"x: -0.03261015936732292
y: 0.4747594892978668
z: -0.06195344030857086
"
id,x,y,z
13,"x: 0.05217161029577255
y: 0.4861276149749756
z: -0.047873008996248245
"
id,x,y,z
14,"x: 0.00997826550155878
y: 0.5014817118644714
z: -0.05903993174433708
"
id,x,y,z
15,"x: -0.012195662595331669
y: 0.5112828016281128
z: -0.05869701877236366
"
id,x,y,z
16,"x: -0.02527274191379547
y: 0.5193502902984619
z: -0.05906437337398529
"
id,x,y,z
17,"x: 0.057987652719020844
y: 0.5305566787719727
z: -0.05137227848172188
"
id,x,y,z
18,"x: 0.01898808218538761
y: 0.5469289422035217
z: -0.0615026131272316
"
id,x,y,z
19,"x: -0.00023848842829465866
y: 0.5522550940513611
z: -0.061798740178346634
"
id,x,y,z
20,"x: -0.012939422391355038
y: 0.5562037825584412
z: -0.061831869184970856
"
id,x,y,z
0,"x: 0.09583881497383118
y: 0.47389236092567444
z: 1.9652567573302804e-08
"
id,x,y,z
1,"x: 0.07113200426101685
y: 0.43617960810661316
z: -0.002417311305180192
"
id,x,y,z
2,"x: 0.040654756128787994
y: 0.4098615050315857
z: -0.010411255061626434
"
id,x,y,z
3,"x: 0.015270078554749489
y: 0.40126562118530273
z: -0.017049508169293404
"
id,x,y,z
4,"x: -0.005094502121210098
y: 0.4022093117237091
z: -0.026356149464845657
"
id,x,y,z
5,"x: 0.04371999576687813
y: 0.3991726040840149
z: -0.03911413252353668
"
id,x,y,z
6,"x: 0.013522672466933727
y: 0.38336312770843506
z: -0.054609429091215134
"
id,x,y,z
7,"x: -0.008370088413357735
y: 0.3847939670085907
z: -0.06236858293414116
"
id,x,y,z
8,"x: -0.024565717205405235
y: 0.39008989930152893
z: -0.06690230965614319
"
id,x,y,z
9,"x: 0.053710054606199265
y: 0.4327932894229889
z: -0.04458634555339813
"
id,x,y,z
10,"x: 0.015690000727772713
y: 0.44050607085227966
z: -0.05888989940285683
"
id,x,y,z
11,"x: -0.010320475324988365
y: 0.4546486437320709
z: -0.06398694217205048
"
id,x,y,z
12,"x: -0.027814360335469246
y: 0.4677385985851288
z: -0.06878490746021271
"
id,x,y,z
13,"x: 0.06124154478311539
y: 0.47469961643218994
z: -0.048214659094810486
"
id,x,y,z
14,"x: 0.021793421357870102
y: 0.4875431954860687
z: -0.06089356914162636
"
id,x,y,z
15,"x: -0.004504820331931114
y: 0.5017666816711426
z: -0.06393785774707794
"
id,x,y,z
16,"x: -0.021454377099871635
y: 0.5131438970565796
z: -0.06640413403511047
"
id,x,y,z
17,"x: 0.06626153737306595
y: 0.5199595093727112
z: -0.050842463970184326
"
id,x,y,z
18,"x: 0.030278600752353668
y: 0.5362405776977539
z: -0.06339175999164581
"
id,x,y,z
19,"x: 0.008092810399830341
y: 0.5441304445266724
z: -0.06714753061532974
"
id,x,y,z
20,"x: -0.007916335016489029
y: 0.5490761995315552
z: -0.06921272724866867
"
id,x,y,z
0,"x: 0.10454267263412476
y: 0.45760273933410645
z: 1.841743113573102e-08
"
id,x,y,z
1,"x: 0.08057096600532532
y: 0.4189205765724182
z: -0.002316685626283288
"
id,x,y,z
2,"x: 0.04767123609781265
y: 0.375516414642334
z: -0.009133335202932358
"
id,x,y,z
3,"x: 0.022854384034872055
y: 0.34038448333740234
z: -0.014963345602154732
"
id,x,y,z
4,"x: 0.007895393297076225
y: 0.30681443214416504
z: -0.02330861985683441
"
id,x,y,z
5,"x: 0.056962788105010986
y: 0.37836921215057373
z: -0.03382567688822746
"
id,x,y,z
6,"x: 0.03001869097352028
y: 0.355441153049469
z: -0.04737010970711708
"
id,x,y,z
7,"x: 0.007603932172060013
y: 0.3502829372882843
z: -0.05412780120968819
"
id,x,y,z
8,"x: -0.009691521525382996
y: 0.351893812417984
z: -0.05844724550843239
"
id,x,y,z
9,"x: 0.06424326449632645
y: 0.4090595245361328
z: -0.03925835341215134
"
id,x,y,z
10,"x: 0.03170846030116081
y: 0.4057506322860718
z: -0.05177773907780647
"
id,x,y,z
11,"x: 0.005561158061027527
y: 0.41699525713920593
z: -0.056279778480529785
"
id,x,y,z
12,"x: -0.013087261468172073
y: 0.43191733956336975
z: -0.06107491999864578
"
id,x,y,z
13,"x: 0.06943216919898987
y: 0.4503369629383087
z: -0.04311857372522354
"
id,x,y,z
14,"x: 0.03324566408991814
y: 0.4561851918697357
z: -0.05339254066348076
"
id,x,y,z
15,"x: 0.008145419880747795
y: 0.46681028604507446
z: -0.05517885088920593
"
id,x,y,z
16,"x: -0.009336806833744049
y: 0.47812923789024353
z: -0.05765611678361893
"
id,x,y,z
17,"x: 0.07331511378288269
y: 0.4969478249549866
z: -0.046292588114738464
"
id,x,y,z
18,"x: 0.03959732502698898
y: 0.5104726552963257
z: -0.056638844311237335
"
id,x,y,z
19,"x: 0.01761079765856266
y: 0.5172148942947388
z: -0.059544745832681656
"
id,x,y,z
20,"x: 0.00027026981115341187
y: 0.5231175422668457
z: -0.061782628297805786
"
id,x,y,z
0,"x: 0.11626050621271133
y: 0.4355313181877136
z: -1.877175570541567e-08
"
id,x,y,z
1,"x: 0.09006178379058838
y: 0.40148699283599854
z: 0.0007787534850649536
"
id,x,y,z
2,"x: 0.06002799794077873
y: 0.37965479493141174
z: -0.005617981310933828
"
id,x,y,z
3,"x: 0.034914497286081314
y: 0.3710196912288666
z: -0.011677030473947525
"
id,x,y,z
4,"x: 0.014597965404391289
y: 0.3705415725708008
z: -0.019969284534454346
"
id,x,y,z
5,"x: 0.06435270607471466
y: 0.3587391972541809
z: -0.0322733037173748
"
id,x,y,z
6,"x: 0.03598369285464287
y: 0.32916194200515747
z: -0.047067608684301376
"
id,x,y,z
7,"x: 0.013634271919727325
y: 0.3267602026462555
z: -0.05514155328273773
"
id,x,y,z
8,"x: -0.003804359585046768
y: 0.33023354411125183
z: -0.06002955883741379
"
id,x,y,z
9,"x: 0.07254533469676971
y: 0.3867165148258209
z: -0.03895546495914459
"
id,x,y,z
10,"x: 0.03680671751499176
y: 0.3769150674343109
z: -0.052064113318920135
"
id,x,y,z
11,"x: 0.008501095697283745
y: 0.38771817088127136
z: -0.057186830788850784
"
id,x,y,z
12,"x: -0.011656507849693298
y: 0.40106868743896484
z: -0.06213299557566643
"
id,x,y,z
13,"x: 0.07835579663515091
y: 0.42507287859916687
z: -0.043938588351011276
"
id,x,y,z
14,"x: 0.039394088089466095
y: 0.4276293218135834
z: -0.055076923221349716
"
id,x,y,z
15,"x: 0.010643629357218742
y: 0.4404222369194031
z: -0.058937907218933105
"
id,x,y,z
16,"x: -0.008994169533252716
y: 0.4521878957748413
z: -0.062393058091402054
"
id,x,y,z
17,"x: 0.08194141089916229
y: 0.4675459861755371
z: -0.047842808067798615
"
id,x,y,z
18,"x: 0.04537523165345192
y: 0.4837360978126526
z: -0.05986716225743294
"
id,x,y,z
19,"x: 0.020620908588171005
y: 0.49329784512519836
z: -0.06493188440799713
"
id,x,y,z
20,"x: 0.0011855661869049072
y: 0.500002384185791
z: -0.06816355139017105
"
id,x,y,z
0,"x: 0.12504374980926514
y: 0.4126235842704773
z: -1.17251204301283e-08
"
id,x,y,z
1,"x: 0.1023278683423996
y: 0.3768334686756134
z: 0.004188403021544218
"
id,x,y,z
2,"x: 0.07345643639564514
y: 0.35914331674575806
z: 0.00025202290271408856
"
id,x,y,z
3,"x: 0.04940576106309891
y: 0.3562992513179779
z: -0.0037590644787997007
"
id,x,y,z
4,"x: 0.03184323012828827
y: 0.3602021634578705
z: -0.010018179193139076
"
id,x,y,z
5,"x: 0.072987399995327
y: 0.3392922282218933
z: -0.027664601802825928
"
id,x,y,z
6,"x: 0.04271019622683525
y: 0.30984795093536377
z: -0.040342122316360474
"
id,x,y,z
7,"x: 0.020657114684581757
y: 0.3079303801059723
z: -0.04591747745871544
"
id,x,y,z
8,"x: 0.005538512021303177
y: 0.312869131565094
z: -0.04899075627326965
"
id,x,y,z
9,"x: 0.07904164493083954
y: 0.36517995595932007
z: -0.03515135124325752
"
id,x,y,z
10,"x: 0.04154117405414581
y: 0.3521585166454315
z: -0.04756388068199158
"
id,x,y,z
11,"x: 0.013510171324014664
y: 0.361089289188385
z: -0.05161134526133537
"
id,x,y,z
12,"x: -0.005431290715932846
y: 0.3750517964363098
z: -0.05501707270741463
"
id,x,y,z
13,"x: 0.08366776257753372
y: 0.4018375873565674
z: -0.04073794558644295
"
id,x,y,z
14,"x: 0.04312676191329956
y: 0.40808308124542236
z: -0.052073001861572266
"
id,x,y,z
15,"x: 0.015377432107925415
y: 0.4192824959754944
z: -0.05664689093828201
"
id,x,y,z
16,"x: -0.0032363571226596832
y: 0.4309731125831604
z: -0.05999800190329552
"
id,x,y,z
17,"x: 0.08709512650966644
y: 0.44249027967453003
z: -0.044750671833753586
"
id,x,y,z
18,"x: 0.04906231909990311
y: 0.4626958966255188
z: -0.05791350081562996
"
id,x,y,z
19,"x: 0.02450655959546566
y: 0.47220250964164734
z: -0.06434743851423264
"
id,x,y,z
20,"x: 0.005364090204238892
y: 0.47874748706817627
z: -0.06820535659790039
"
id,x,y,z
0,"x: 0.13849812746047974
y: 0.38942238688468933
z: 1.1895518348126188e-08
"
id,x,y,z
1,"x: 0.11063305288553238
y: 0.36098355054855347
z: 0.004301674198359251
"
id,x,y,z
2,"x: 0.07965166866779327
y: 0.3495938777923584
z: 0.0001512978778919205
"
id,x,y,z
3,"x: 0.055661316961050034
y: 0.3482110798358917
z: -0.0046186791732907295
"
id,x,y,z
4,"x: 0.03778066486120224
y: 0.3519730567932129
z: -0.011730481870472431
"
id,x,y,z
5,"x: 0.07871130108833313
y: 0.33211538195610046
z: -0.024196188896894455
"
id,x,y,z
6,"x: 0.05019072815775871
y: 0.309817373752594
z: -0.03687194362282753
"
id,x,y,z
7,"x: 0.02933528833091259
y: 0.3043898642063141
z: -0.043791864067316055
"
id,x,y,z
8,"x: 0.013986006379127502
y: 0.3033839464187622
z: -0.04820460081100464
"
id,x,y,z
9,"x: 0.08622624725103378
y: 0.3558715581893921
z: -0.03256889432668686
"
id,x,y,z
10,"x: 0.050232045352458954
y: 0.3502959609031677
z: -0.043601926416158676
"
id,x,y,z
11,"x: 0.024654321372509003
y: 0.356630802154541
z: -0.048480886965990067
"
id,x,y,z
12,"x: 0.005814358592033386
y: 0.3653293251991272
z: -0.0530967153608799
"
id,x,y,z
13,"x: 0.09424977749586105
y: 0.39040154218673706
z: -0.039230819791555405
"
id,x,y,z
14,"x: 0.055893149226903915
y: 0.40384870767593384
z: -0.049387358129024506
"
id,x,y,z
15,"x: 0.029300590977072716
y: 0.4171838164329529
z: -0.05391889810562134
"
id,x,y,z
16,"x: 0.009592264890670776
y: 0.4276121258735657
z: -0.05794089287519455
"
id,x,y,z
17,"x: 0.10248304903507233
y: 0.4291532337665558
z: -0.04458386451005936
"
id,x,y,z
18,"x: 0.06897219270467758
y: 0.45562121272087097
z: -0.05598986893892288
"
id,x,y,z
19,"x: 0.046056754887104034
y: 0.46947193145751953
z: -0.0612461157143116
"
id,x,y,z
20,"x: 0.02675028145313263
y: 0.47888973355293274
z: -0.06480434536933899
"
id,x,y,z
0,"x: 0.14867985248565674
y: 0.3800038993358612
z: 6.321039336398826e-08
"
id,x,y,z
1,"x: 0.11788783967494965
y: 0.36091044545173645
z: 0.0003551730769686401
"
id,x,y,z
2,"x: 0.08503509312868118
y: 0.34948796033859253
z: -0.004960156511515379
"
id,x,y,z
3,"x: 0.05899994075298309
y: 0.34407398104667664
z: -0.010290347971022129
"
id,x,y,z
4,"x: 0.03954940661787987
y: 0.34312528371810913
z: -0.018375996500253677
"
id,x,y,z
5,"x: 0.0864359512925148
y: 0.3473164439201355
z: -0.027815518900752068
"
id,x,y,z
6,"x: 0.05815703794360161
y: 0.33823636174201965
z: -0.04166877642273903
"
id,x,y,z
7,"x: 0.03825516998767853
y: 0.33739346265792847
z: -0.05030960589647293
"
id,x,y,z
8,"x: 0.0214071124792099
y: 0.3376755714416504
z: -0.05629950016736984
"
id,x,y,z
9,"x: 0.09808126837015152
y: 0.3682515621185303
z: -0.035301573574543
"
id,x,y,z
10,"x: 0.06230366230010986
y: 0.3810890316963196
z: -0.0474427230656147
"
id,x,y,z
11,"x: 0.038601238280534744
y: 0.3943290114402771
z: -0.05429266393184662
"
id,x,y,z
12,"x: 0.019000358879566193
y: 0.4076339602470398
z: -0.060693591833114624
"
id,x,y,z
13,"x: 0.11229816824197769
y: 0.3976408839225769
z: -0.04111789911985397
"
id,x,y,z
14,"x: 0.07738328725099564
y: 0.4229716658592224
z: -0.052807413041591644
"
id,x,y,z
15,"x: 0.054375048726797104
y: 0.445115327835083
z: -0.05705468729138374
"
id,x,y,z
16,"x: 0.03661574795842171
y: 0.4631955623626709
z: -0.060866840183734894
"
id,x,y,z
17,"x: 0.1269913762807846
y: 0.4316105544567108
z: -0.04596969857811928
"
id,x,y,z
18,"x: 0.09940366446971893
y: 0.4592113792896271
z: -0.05747169628739357
"
id,x,y,z
19,"x: 0.0818130373954773
y: 0.4743970036506653
z: -0.06095193326473236
"
id,x,y,z
20,"x: 0.0674288272857666
y: 0.4869374632835388
z: -0.06331728398799896
"
id,x,y,z
0,"x: 0.16587860882282257
y: 0.4090957045555115
z: -1.5746441306419e-07
"
id,x,y,z
1,"x: 0.125176340341568
y: 0.39573729038238525
z: -0.003096152562648058
"
id,x,y,z
2,"x: 0.0820131003856659
y: 0.41110700368881226
z: -0.017243975773453712
"
id,x,y,z
3,"x: 0.04837939888238907
y: 0.4347718060016632
z: -0.02949630282819271
"
id,x,y,z
4,"x: 0.02824075147509575
y: 0.45899510383605957
z: -0.04347939416766167
"
id,x,y,z
5,"x: 0.09343171864748001
y: 0.39904969930648804
z: -0.057725656777620316
"
id,x,y,z
6,"x: 0.053732842206954956
y: 0.4586883783340454
z: -0.07895809412002563
"
id,x,y,z
7,"x: 0.05618010088801384
y: 0.4785003364086151
z: -0.086654432117939
"
id,x,y,z
8,"x: 0.06476495414972305
y: 0.48464149236679077
z: -0.08934886008501053
"
id,x,y,z
9,"x: 0.12002824246883392
y: 0.4294901192188263
z: -0.06330281496047974
"
id,x,y,z
10,"x: 0.0787045806646347
y: 0.5087238550186157
z: -0.0798625499010086
"
id,x,y,z
11,"x: 0.07641574740409851
y: 0.527603030204773
z: -0.07719489187002182
"
id,x,y,z
12,"x: 0.08230426907539368
y: 0.525282084941864
z: -0.07631134986877441
"
id,x,y,z
13,"x: 0.14121875166893005
y: 0.46348315477371216
z: -0.06651732325553894
"
id,x,y,z
14,"x: 0.10185414552688599
y: 0.5356974005699158
z: -0.07845403999090195
"
id,x,y,z
15,"x: 0.09739614278078079
y: 0.5515707731246948
z: -0.06944355368614197
"
id,x,y,z
16,"x: 0.10142776370048523
y: 0.5494805574417114
z: -0.06365875899791718
"
id,x,y,z
17,"x: 0.1576153039932251
y: 0.49706703424453735
z: -0.06891065835952759
"
id,x,y,z
18,"x: 0.12837886810302734
y: 0.555284857749939
z: -0.0765777975320816
"
id,x,y,z
19,"x: 0.12255524843931198
y: 0.5627391338348389
z: -0.07024407386779785
"
id,x,y,z
20,"x: 0.12333264946937561
y: 0.5592402219772339
z: -0.0654325932264328
"
id,x,y,z
0,"x: 0.16174384951591492
y: 0.3920677900314331
z: -4.183912949429214e-08
"
id,x,y,z
1,"x: 0.13136117160320282
y: 0.38878971338272095
z: -0.008338644169270992
"
id,x,y,z
2,"x: 0.09855756908655167
y: 0.4077245891094208
z: -0.018645158037543297
"
id,x,y,z
3,"x: 0.07519878447055817
y: 0.4317006766796112
z: -0.026977818459272385
"
id,x,y,z
4,"x: 0.06018286198377609
y: 0.4589534401893616
z: -0.037940096110105515
"
id,x,y,z
5,"x: 0.10058999061584473
y: 0.3914637565612793
z: -0.03900667279958725
"
id,x,y,z
6,"x: 0.07372567057609558
y: 0.42560550570487976
z: -0.05645284429192543
"
id,x,y,z
7,"x: 0.05915070325136185
y: 0.45915094017982483
z: -0.06863584369421005
"
id,x,y,z
8,"x: 0.04747818410396576
y: 0.48933443427085876
z: -0.07675079256296158
"
id,x,y,z
9,"x: 0.11974561959505081
y: 0.40397295355796814
z: -0.042503535747528076
"
id,x,y,z
10,"x: 0.09726906567811966
y: 0.4539737105369568
z: -0.0570993646979332
"
id,x,y,z
11,"x: 0.0815853700041771
y: 0.5022925734519958
z: -0.06418567895889282
"
id,x,y,z
12,"x: 0.0707230269908905
y: 0.5407900214195251
z: -0.07089008390903473
"
id,x,y,z
13,"x: 0.14074969291687012
y: 0.422955185174942
z: -0.04490739479660988
"
id,x,y,z
14,"x: 0.1208997517824173
y: 0.47606679797172546
z: -0.05715072154998779
"
id,x,y,z
15,"x: 0.10782396793365479
y: 0.5196121335029602
z: -0.059176988899707794
"
id,x,y,z
16,"x: 0.09925224632024765
y: 0.5499621629714966
z: -0.06147085130214691
"
id,x,y,z
17,"x: 0.1600482165813446
y: 0.4443356990814209
z: -0.04726977273821831
"
id,x,y,z
18,"x: 0.14840732514858246
y: 0.492235392332077
z: -0.05897586792707443
"
id,x,y,z
19,"x: 0.13981792330741882
y: 0.5244951248168945
z: -0.0598849393427372
"
id,x,y,z
20,"x: 0.13422933220863342
y: 0.5475946068763733
z: -0.05997674912214279
"
id,x,y,z
0,"x: 0.19890646636486053
y: 0.4909909963607788
z: 1.5341777270805323e-07
"
id,x,y,z
1,"x: 0.16725030541419983
y: 0.49885931611061096
z: -0.004683306440711021
"
id,x,y,z
2,"x: 0.1425807774066925
y: 0.53594571352005
z: -0.013402524404227734
"
id,x,y,z
3,"x: 0.12874312698841095
y: 0.5723375082015991
z: -0.01979123428463936
"
id,x,y,z
4,"x: 0.1191481500864029
y: 0.5985465049743652
z: -0.02690291963517666
"
id,x,y,z
5,"x: 0.16085360944271088
y: 0.5216899514198303
z: -0.04277696833014488
"
id,x,y,z
6,"x: 0.14814406633377075
y: 0.5966721773147583
z: -0.05437598004937172
"
id,x,y,z
7,"x: 0.1390114277601242
y: 0.6299850940704346
z: -0.05483926087617874
"
id,x,y,z
8,"x: 0.1329212188720703
y: 0.6512651443481445
z: -0.05347248539328575
"
id,x,y,z
9,"x: 0.18396112322807312
y: 0.5289986729621887
z: -0.044691260904073715
"
id,x,y,z
10,"x: 0.16474318504333496
y: 0.6075094938278198
z: -0.05781015381217003
"
id,x,y,z
11,"x: 0.1513197124004364
y: 0.6442402601242065
z: -0.056787338107824326
"
id,x,y,z
12,"x: 0.14135824143886566
y: 0.6653385758399963
z: -0.05522095412015915
"
id,x,y,z
13,"x: 0.2028837502002716
y: 0.5425437688827515
z: -0.044555410742759705
"
id,x,y,z
14,"x: 0.18318593502044678
y: 0.6153694987297058
z: -0.0538640096783638
"
id,x,y,z
15,"x: 0.16895680129528046
y: 0.6502557992935181
z: -0.05252975970506668
"
id,x,y,z
16,"x: 0.15814778208732605
y: 0.6718703508377075
z: -0.051128845661878586
"
id,x,y,z
17,"x: 0.21824312210083008
y: 0.5575295686721802
z: -0.04372989386320114
"
id,x,y,z
18,"x: 0.20465676486492157
y: 0.6148303151130676
z: -0.049720339477062225
"
id,x,y,z
19,"x: 0.1934085190296173
y: 0.6401098966598511
z: -0.04898546636104584
"
id,x,y,z
20,"x: 0.1850535124540329
y: 0.6552808284759521
z: -0.048165708780288696
"
id,x,y,z
0,"x: 0.2153538018465042
y: 0.48907145857810974
z: 2.497891387065465e-07
"
id,x,y,z
1,"x: 0.1843307912349701
y: 0.49693429470062256
z: -0.011671367101371288
"
id,x,y,z
2,"x: 0.16191315650939941
y: 0.5378522276878357
z: -0.02158619835972786
"
id,x,y,z
3,"x: 0.15061086416244507
y: 0.5808980464935303
z: -0.027663961052894592
"
id,x,y,z
4,"x: 0.14172959327697754
y: 0.620110034942627
z: -0.03468232974410057
"
id,x,y,z
5,"x: 0.18001005053520203
y: 0.5392831563949585
z: -0.04432336241006851
"
id,x,y,z
6,"x: 0.16636253893375397
y: 0.6162364482879639
z: -0.057410940527915955
"
id,x,y,z
7,"x: 0.15810677409172058
y: 0.6563571691513062
z: -0.060415394604206085
"
id,x,y,z
8,"x: 0.15219642221927643
y: 0.684106707572937
z: -0.06071169674396515
"
id,x,y,z
9,"x: 0.2018653154373169
y: 0.5503420233726501
z: -0.04286335036158562
"
id,x,y,z
10,"x: 0.18532174825668335
y: 0.6306078433990479
z: -0.05630660057067871
"
id,x,y,z
11,"x: 0.17402179539203644
y: 0.6739054322242737
z: -0.05856731906533241
"
id,x,y,z
12,"x: 0.16509628295898438
y: 0.7016130685806274
z: -0.05925072357058525
"
id,x,y,z
13,"x: 0.220062255859375
y: 0.5618443489074707
z: -0.040101416409015656
"
id,x,y,z
14,"x: 0.20417189598083496
y: 0.6372525095939636
z: -0.050077613443136215
"
id,x,y,z
15,"x: 0.19149714708328247
y: 0.6758604049682617
z: -0.05233973637223244
"
id,x,y,z
16,"x: 0.1810583621263504
y: 0.7009739875793457
z: -0.053152624517679214
"
id,x,y,z
17,"x: 0.23356887698173523
y: 0.5716079473495483
z: -0.03719430789351463
"
id,x,y,z
18,"x: 0.22102263569831848
y: 0.6321960687637329
z: -0.045453693717718124
"
id,x,y,z
19,"x: 0.21078653633594513
y: 0.6614696383476257
z: -0.047905560582876205
"
id,x,y,z
20,"x: 0.20224568247795105
y: 0.6801169514656067
z: -0.04870804771780968
"
id,x,y,z
0,"x: 0.21861322224140167
y: 0.5142233371734619
z: 3.652807549769932e-07
"
id,x,y,z
1,"x: 0.18640276789665222
y: 0.5313119888305664
z: -0.012263781391084194
"
id,x,y,z
2,"x: 0.1665397435426712
y: 0.577518880367279
z: -0.02138371765613556
"
id,x,y,z
3,"x: 0.15507060289382935
y: 0.6288523077964783
z: -0.02623840607702732
"
id,x,y,z
4,"x: 0.14388512074947357
y: 0.6665622591972351
z: -0.031070103868842125
"
id,x,y,z
5,"x: 0.18605194985866547
y: 0.5849721431732178
z: -0.038635410368442535
"
id,x,y,z
6,"x: 0.17315366864204407
y: 0.6583489775657654
z: -0.04914537072181702
"
id,x,y,z
7,"x: 0.1646532267332077
y: 0.695032000541687
z: -0.05113833770155907
"
id,x,y,z
8,"x: 0.15837053954601288
y: 0.7236605882644653
z: -0.05058591440320015
"
id,x,y,z
9,"x: 0.20836088061332703
y: 0.5985073447227478
z: -0.03472407907247543
"
id,x,y,z
10,"x: 0.1908135563135147
y: 0.6729554533958435
z: -0.04443076625466347
"
id,x,y,z
11,"x: 0.17898710072040558
y: 0.7106844782829285
z: -0.044550444930791855
"
id,x,y,z
12,"x: 0.1699669361114502
y: 0.7337554693222046
z: -0.043250277638435364
"
id,x,y,z
13,"x: 0.22533592581748962
y: 0.6098408102989197
z: -0.029601026326417923
"
id,x,y,z
14,"x: 0.20982202887535095
y: 0.6778798699378967
z: -0.03587466850876808
"
id,x,y,z
15,"x: 0.1964748054742813
y: 0.7117314338684082
z: -0.03577381744980812
"
id,x,y,z
16,"x: 0.185822531580925
y: 0.7306779026985168
z: -0.03487309068441391
"
id,x,y,z
17,"x: 0.2360372692346573
y: 0.6174744367599487
z: -0.024631317704916
"
id,x,y,z
18,"x: 0.22345416247844696
y: 0.6739209890365601
z: -0.02889648638665676
"
id,x,y,z
19,"x: 0.21324989199638367
y: 0.7000425457954407
z: -0.028738323599100113
"
id,x,y,z
20,"x: 0.20379036664962769
y: 0.7161087393760681
z: -0.027395842596888542
"
id,x,y,z
0,"x: 0.21363651752471924
y: 0.5448570847511292
z: 3.739331191354722e-07
"
id,x,y,z
1,"x: 0.17922089993953705
y: 0.5702561140060425
z: -0.0076062725856900215
"
id,x,y,z
2,"x: 0.15616489946842194
y: 0.6189479827880859
z: -0.014397361315786839
"
id,x,y,z
3,"x: 0.1416783630847931
y: 0.672804594039917
z: -0.01834285445511341
"
id,x,y,z
4,"x: 0.12906381487846375
y: 0.7124485969543457
z: -0.022242344915866852
"
id,x,y,z
5,"x: 0.17206691205501556
y: 0.6299516558647156
z: -0.02711123786866665
"
id,x,y,z
6,"x: 0.15744102001190186
y: 0.703887403011322
z: -0.033504974097013474
"
id,x,y,z
7,"x: 0.14812792837619781
y: 0.7395899891853333
z: -0.03366610035300255
"
id,x,y,z
8,"x: 0.1408408135175705
y: 0.767309308052063
z: -0.03219548240303993
"
id,x,y,z
9,"x: 0.19428862631320953
y: 0.643625795841217
z: -0.02465764246881008
"
id,x,y,z
10,"x: 0.17507831752300262
y: 0.7171640992164612
z: -0.02930920571088791
"
id,x,y,z
11,"x: 0.1626657247543335
y: 0.7517187595367432
z: -0.027573145925998688
"
id,x,y,z
12,"x: 0.15286438167095184
y: 0.7730975151062012
z: -0.02559889853000641
"
id,x,y,z
13,"x: 0.21205109357833862
y: 0.654824435710907
z: -0.021179117262363434
"
id,x,y,z
14,"x: 0.1934647113084793
y: 0.7211862802505493
z: -0.023236682638525963
"
id,x,y,z
15,"x: 0.17986835539340973
y: 0.7512284517288208
z: -0.021867437288165092
"
id,x,y,z
16,"x: 0.16838400065898895
y: 0.7688897252082825
z: -0.02096051163971424
"
id,x,y,z
17,"x: 0.22427286207675934
y: 0.662578284740448
z: -0.01779545471072197
"
id,x,y,z
18,"x: 0.20909975469112396
y: 0.7179074287414551
z: -0.018904877826571465
"
id,x,y,z
19,"x: 0.19715848565101624
y: 0.7408403158187866
z: -0.017220113426446915
"
id,x,y,z
20,"x: 0.18659578263759613
y: 0.7557368874549866
z: -0.015233472920954227
"
id,x,y,z
0,"x: 0.2081017792224884
y: 0.575822651386261
z: 3.789516824781458e-07
"
id,x,y,z
1,"x: 0.1687486618757248
y: 0.5972946882247925
z: -0.007327510043978691
"
id,x,y,z
2,"x: 0.14250099658966064
y: 0.6436092257499695
z: -0.013707591220736504
"
id,x,y,z
3,"x: 0.1272815763950348
y: 0.6988267302513123
z: -0.017276214435696602
"
id,x,y,z
4,"x: 0.11531560868024826
y: 0.7422871589660645
z: -0.02090626209974289
"
id,x,y,z
5,"x: 0.1585884690284729
y: 0.663098156452179
z: -0.027659334242343903
"
id,x,y,z
6,"x: 0.13906937837600708
y: 0.7412525415420532
z: -0.03525411710143089
"
id,x,y,z
7,"x: 0.1273258477449417
y: 0.7795835137367249
z: -0.036116886883974075
"
id,x,y,z
8,"x: 0.11817041784524918
y: 0.8093564510345459
z: -0.03515290841460228
"
id,x,y,z
9,"x: 0.1809082180261612
y: 0.6800715923309326
z: -0.025985678657889366
"
id,x,y,z
10,"x: 0.15702290832996368
y: 0.7569353580474854
z: -0.03246837481856346
"
id,x,y,z
11,"x: 0.14204668998718262
y: 0.7952550649642944
z: -0.03204600140452385
"
id,x,y,z
12,"x: 0.13021771609783173
y: 0.8196099996566772
z: -0.03091561235487461
"
id,x,y,z
13,"x: 0.1989925354719162
y: 0.6920996904373169
z: -0.02329268306493759
"
id,x,y,z
14,"x: 0.17732946574687958
y: 0.762519121170044
z: -0.02703418955206871
"
id,x,y,z
15,"x: 0.16161106526851654
y: 0.7962262034416199
z: -0.027054253965616226
"
id,x,y,z
16,"x: 0.14844714105129242
y: 0.8161808848381042
z: -0.026944296434521675
"
id,x,y,z
17,"x: 0.21192485094070435
y: 0.6985799670219421
z: -0.02058340050280094
"
id,x,y,z
18,"x: 0.1938561499118805
y: 0.7564903497695923
z: -0.02336880750954151
"
id,x,y,z
19,"x: 0.18029719591140747
y: 0.7816002368927002
z: -0.02293810434639454
"
id,x,y,z
20,"x: 0.168559268116951
y: 0.7980005741119385
z: -0.021758338436484337
"
id,x,y,z
0,"x: 0.18274745345115662
y: 0.677859365940094
z: 3.7442399047904473e-07
"
id,x,y,z
1,"x: 0.14470142126083374
y: 0.6778618097305298
z: -0.011333621107041836
"
id,x,y,z
2,"x: 0.11530481278896332
y: 0.7199328541755676
z: -0.021060848608613014
"
id,x,y,z
3,"x: 0.09713022410869598
y: 0.7740267515182495
z: -0.02635756880044937
"
id,x,y,z
4,"x: 0.08369430154561996
y: 0.8155289888381958
z: -0.03184749186038971
"
id,x,y,z
5,"x: 0.13210207223892212
y: 0.743540346622467
z: -0.04399813711643219
"
id,x,y,z
6,"x: 0.10605488717556
y: 0.8269921541213989
z: -0.05457667261362076
"
id,x,y,z
7,"x: 0.09066397696733475
y: 0.8651039004325867
z: -0.054322339594364166
"
id,x,y,z
8,"x: 0.07981234043836594
y: 0.8905078768730164
z: -0.05166509002447128
"
id,x,y,z
9,"x: 0.1552683413028717
y: 0.7630447149276733
z: -0.0400279201567173
"
id,x,y,z
10,"x: 0.12460554391145706
y: 0.8493612408638
z: -0.04971444979310036
"
id,x,y,z
11,"x: 0.10507524013519287
y: 0.8847083449363708
z: -0.04603726789355278
"
id,x,y,z
12,"x: 0.09136795997619629
y: 0.903780996799469
z: -0.04182736948132515
"
id,x,y,z
13,"x: 0.1737603396177292
y: 0.7776049971580505
z: -0.034433167427778244
"
id,x,y,z
14,"x: 0.14574779570102692
y: 0.8557695746421814
z: -0.03970351070165634
"
id,x,y,z
15,"x: 0.1260720044374466
y: 0.882388710975647
z: -0.035482268780469894
"
id,x,y,z
16,"x: 0.1123293787240982
y: 0.894597053527832
z: -0.031959254294633865
"
id,x,y,z
17,"x: 0.18691325187683105
y: 0.7852108478546143
z: -0.028953948989510536
"
id,x,y,z
18,"x: 0.16500139236450195
y: 0.8481640815734863
z: -0.03223911300301552
"
id,x,y,z
19,"x: 0.14840658009052277
y: 0.8678986430168152
z: -0.029378967359662056
"
id,x,y,z
20,"x: 0.13645651936531067
y: 0.8760124444961548
z: -0.02615424618124962
"
id,x,y,z
0,"x: 0.19600841403007507
y: 0.6269106268882751
z: 3.5950569099441054e-07
"
id,x,y,z
1,"x: 0.15282674133777618
y: 0.6557896137237549
z: -0.003506989451125264
"
id,x,y,z
2,"x: 0.12127089500427246
y: 0.7035351395606995
z: -0.006926070433109999
"
id,x,y,z
3,"x: 0.10380613058805466
y: 0.7586803436279297
z: -0.008499065414071083
"
id,x,y,z
4,"x: 0.09061463177204132
y: 0.8024837970733643
z: -0.010322293266654015
"
id,x,y,z
5,"x: 0.13803410530090332
y: 0.7244834303855896
z: -0.015959100797772408
"
id,x,y,z
6,"x: 0.11871658265590668
y: 0.796824038028717
z: -0.018798429518938065
"
id,x,y,z
7,"x: 0.1080477312207222
y: 0.8316003680229187
z: -0.018564270809292793
"
id,x,y,z
8,"x: 0.09955619275569916
y: 0.8584773540496826
z: -0.017115747556090355
"
id,x,y,z
9,"x: 0.161065012216568
y: 0.7441670298576355
z: -0.01456849928945303
"
id,x,y,z
10,"x: 0.1370183825492859
y: 0.8153224587440491
z: -0.015314179472625256
"
id,x,y,z
11,"x: 0.12296989560127258
y: 0.8464202284812927
z: -0.014346370473504066
"
id,x,y,z
12,"x: 0.11244583129882812
y: 0.8626007437705994
z: -0.0132939163595438
"
id,x,y,z
13,"x: 0.1797189563512802
y: 0.7592519521713257
z: -0.012014570645987988
"
id,x,y,z
14,"x: 0.15701523423194885
y: 0.8232007622718811
z: -0.010824397206306458
"
id,x,y,z
15,"x: 0.1426866352558136
y: 0.8492562770843506
z: -0.009537803940474987
"
id,x,y,z
16,"x: 0.13160750269889832
y: 0.8608782291412354
z: -0.00905835721641779
"
id,x,y,z
17,"x: 0.19333229959011078
y: 0.7685890197753906
z: -0.009282621555030346
"
id,x,y,z
18,"x: 0.17390401661396027
y: 0.8229931592941284
z: -0.007511029485613108
"
id,x,y,z
19,"x: 0.16148267686367035
y: 0.8417702317237854
z: -0.0044019874185323715
"
id,x,y,z
20,"x: 0.15121017396450043
y: 0.8525167107582092
z: -0.0014687037328258157
"
id,x,y,z
0,"x: 0.18626804649829865
y: 0.6742020845413208
z: 3.656433591459063e-07
"
id,x,y,z
1,"x: 0.13933755457401276
y: 0.6994953751564026
z: -0.001749137183651328
"
id,x,y,z
2,"x: 0.10662323236465454
y: 0.7524704337120056
z: -0.0036622602492570877
"
id,x,y,z
3,"x: 0.08864228427410126
y: 0.8112999796867371
z: -0.003690926590934396
"
id,x,y,z
4,"x: 0.07540801912546158
y: 0.857650637626648
z: -0.00373012013733387
"
id,x,y,z
5,"x: 0.12371329963207245
y: 0.782989501953125
z: -0.014637057669460773
"
id,x,y,z
6,"x: 0.10336156189441681
y: 0.8593620657920837
z: -0.01563110575079918
"
id,x,y,z
7,"x: 0.09213511645793915
y: 0.8956106901168823
z: -0.013579949736595154
"
id,x,y,z
8,"x: 0.08396892994642258
y: 0.9233217835426331
z: -0.010892512276768684
"
id,x,y,z
9,"x: 0.1483614444732666
y: 0.8025162816047668
z: -0.013600604608654976
"
id,x,y,z
10,"x: 0.12327803671360016
y: 0.8787983059883118
z: -0.013891602866351604
"
id,x,y,z
11,"x: 0.10729004442691803
y: 0.912015974521637
z: -0.011723976582288742
"
id,x,y,z
12,"x: 0.09600849449634552
y: 0.9305163621902466
z: -0.009509563446044922
"
id,x,y,z
13,"x: 0.16840918362140656
y: 0.8155170679092407
z: -0.011188519187271595
"
id,x,y,z
14,"x: 0.14459489285945892
y: 0.8849536180496216
z: -0.009637556970119476
"
id,x,y,z
15,"x: 0.12693257629871368
y: 0.911975085735321
z: -0.00810252409428358
"
id,x,y,z
16,"x: 0.11390508711338043
y: 0.9247440099716187
z: -0.007073737680912018
"
id,x,y,z
17,"x: 0.18298840522766113
y: 0.8220071792602539
z: -0.00834041740745306
"
id,x,y,z
18,"x: 0.16215381026268005
y: 0.8843386173248291
z: -0.006190522573888302
"
id,x,y,z
19,"x: 0.14669933915138245
y: 0.9030799269676208
z: -0.002685553627088666
"
id,x,y,z
20,"x: 0.1341533064842224
y: 0.9106852412223816
z: 0.0007441373891197145
"
id,x,y,z
0,"x: 0.17494738101959229
y: 0.7058871984481812
z: 3.259491734297626e-07
"
id,x,y,z
1,"x: 0.1319054514169693
y: 0.7211728692054749
z: -0.0017427263082936406
"
id,x,y,z
2,"x: 0.10101202130317688
y: 0.7700745463371277
z: -0.006047623232007027
"
id,x,y,z
3,"x: 0.08385514467954636
y: 0.8292576670646667
z: -0.00821626652032137
"
id,x,y,z
4,"x: 0.07212395966053009
y: 0.8784866333007812
z: -0.010525262914597988
"
id,x,y,z
5,"x: 0.11632967740297318
y: 0.8035443425178528
z: -0.024590685963630676
"
id,x,y,z
6,"x: 0.09322267770767212
y: 0.8919568061828613
z: -0.0299568772315979
"
id,x,y,z
7,"x: 0.0803905576467514
y: 0.9298792481422424
z: -0.02870320901274681
"
id,x,y,z
8,"x: 0.07086187601089478
y: 0.9553645849227905
z: -0.026028217747807503
"
id,x,y,z
9,"x: 0.14103829860687256
y: 0.82075434923172
z: -0.024844881147146225
"
id,x,y,z
10,"x: 0.11235368251800537
y: 0.9099791049957275
z: -0.028869913890957832
"
id,x,y,z
11,"x: 0.0955074280500412
y: 0.941296398639679
z: -0.02510552853345871
"
id,x,y,z
12,"x: 0.08472906798124313
y: 0.953659176826477
z: -0.021570147946476936
"
id,x,y,z
13,"x: 0.16148461401462555
y: 0.8297995328903198
z: -0.0233870018273592
"
id,x,y,z
14,"x: 0.13514116406440735
y: 0.9099878668785095
z: -0.022893467918038368
"
id,x,y,z
15,"x: 0.11726334691047668
y: 0.9366351962089539
z: -0.01719052903354168
"
id,x,y,z
16,"x: 0.10432742536067963
y: 0.9459183216094971
z: -0.013722749426960945
"
id,x,y,z
17,"x: 0.17710521817207336
y: 0.8320766687393188
z: -0.02169450931251049
"
id,x,y,z
18,"x: 0.1563699096441269
y: 0.8975545167922974
z: -0.01969468966126442
"
id,x,y,z
19,"x: 0.14042358100414276
y: 0.9191991090774536
z: -0.014162028208374977
"
id,x,y,z
20,"x: 0.12782946228981018
y: 0.9279398918151855
z: -0.009745920076966286
"
id,x,y,z
0,"x: 0.16817991435527802
y: 0.7055307626724243
z: 2.2858040438222815e-07
"
id,x,y,z
1,"x: 0.12420016527175903
y: 0.7191081643104553
z: 0.0019137855852022767
"
id,x,y,z
2,"x: 0.0950758308172226
y: 0.7693422436714172
z: -0.0005772077129222453
"
id,x,y,z
3,"x: 0.0745198205113411
y: 0.8230723738670349
z: -0.0019121101358905435
"
id,x,y,z
4,"x: 0.061260886490345
y: 0.8687889575958252
z: -0.003587216604501009
"
id,x,y,z
5,"x: 0.10457819700241089
y: 0.7990080118179321
z: -0.022353405132889748
"
id,x,y,z
6,"x: 0.08293034136295319
y: 0.8867297768592834
z: -0.027349108830094337
"
id,x,y,z
7,"x: 0.07123282551765442
y: 0.9248331189155579
z: -0.024868322536349297
"
id,x,y,z
8,"x: 0.06330841779708862
y: 0.9499566555023193
z: -0.021108724176883698
"
id,x,y,z
9,"x: 0.1291080266237259
y: 0.8154144883155823
z: -0.024536941200494766
"
id,x,y,z
10,"x: 0.10330259799957275
y: 0.9081080555915833
z: -0.02885415591299534
"
id,x,y,z
11,"x: 0.08882565796375275
y: 0.9393801689147949
z: -0.02318478375673294
"
id,x,y,z
12,"x: 0.08030465245246887
y: 0.9516937732696533
z: -0.017578495666384697
"
id,x,y,z
13,"x: 0.15102247893810272
y: 0.8244589567184448
z: -0.02477932721376419
"
id,x,y,z
14,"x: 0.12643113732337952
y: 0.9088435173034668
z: -0.025272121652960777
"
id,x,y,z
15,"x: 0.11098384857177734
y: 0.9328400492668152
z: -0.01720885932445526
"
id,x,y,z
16,"x: 0.10105440020561218
y: 0.9403226375579834
z: -0.011055409908294678
"
id,x,y,z
17,"x: 0.16895821690559387
y: 0.8261736631393433
z: -0.024498550221323967
"
id,x,y,z
18,"x: 0.1485098898410797
y: 0.895392894744873
z: -0.022481737658381462
"
id,x,y,z
19,"x: 0.13463044166564941
y: 0.9141284227371216
z: -0.014884576201438904
"
id,x,y,z
20,"x: 0.12502041459083557
y: 0.9194622039794922
z: -0.008403363637626171
"
id,x,y,z
0,"x: 0.16555540263652802
y: 0.6951818466186523
z: 2.1219672419192648e-07
"
id,x,y,z
1,"x: 0.12220936268568039
y: 0.7101192474365234
z: 0.00323297712020576
"
id,x,y,z
2,"x: 0.09325563907623291
y: 0.7583150863647461
z: 0.001698945532552898
"
id,x,y,z
3,"x: 0.07388882339000702
y: 0.8083014488220215
z: 0.0010757514974102378
"
id,x,y,z
4,"x: 0.062283508479595184
y: 0.8538339734077454
z: 5.0967824790859595e-05
"
id,x,y,z
5,"x: 0.10270960628986359
y: 0.7873517274856567
z: -0.021292749792337418
"
id,x,y,z
6,"x: 0.07857619225978851
y: 0.8726524114608765
z: -0.02599000185728073
"
id,x,y,z
7,"x: 0.06707064062356949
y: 0.9110773205757141
z: -0.02357693761587143
"
id,x,y,z
8,"x: 0.05890269577503204
y: 0.9373829960823059
z: -0.020001722499728203
"
id,x,y,z
9,"x: 0.12725254893302917
y: 0.8039312362670898
z: -0.024380818009376526
"
id,x,y,z
10,"x: 0.10028987377882004
y: 0.8969032168388367
z: -0.029369710013270378
"
id,x,y,z
11,"x: 0.08530142158269882
y: 0.9301830530166626
z: -0.02475479058921337
"
id,x,y,z
12,"x: 0.0764031708240509
y: 0.9428412318229675
z: -0.01986542157828808
"
id,x,y,z
13,"x: 0.14951467514038086
y: 0.8139513731002808
z: -0.025334475561976433
"
id,x,y,z
14,"x: 0.12438932061195374
y: 0.8986195921897888
z: -0.026555828750133514
"
id,x,y,z
15,"x: 0.10845223069190979
y: 0.9229201078414917
z: -0.019559994339942932
"
id,x,y,z
16,"x: 0.09801067411899567
y: 0.9306759834289551
z: -0.013955242931842804
"
id,x,y,z
17,"x: 0.1682925671339035
y: 0.8171291351318359
z: -0.02560916170477867
"
id,x,y,z
18,"x: 0.1472529172897339
y: 0.8882352113723755
z: -0.024335741996765137
"
id,x,y,z
19,"x: 0.13219057023525238
y: 0.9075594544410706
z: -0.017406143248081207
"
id,x,y,z
20,"x: 0.12087598443031311
y: 0.911723792552948
z: -0.011294415220618248
"
id,x,y,z
0,"x: 0.18027842044830322
y: 0.6920389533042908
z: 2.5823175064942916e-07
"
id,x,y,z
1,"x: 0.13486818969249725
y: 0.7042217254638672
z: -0.0018128649098798633
"
id,x,y,z
2,"x: 0.10502776503562927
y: 0.7535090446472168
z: -0.004899505991488695
"
id,x,y,z
3,"x: 0.08700393885374069
y: 0.8104606866836548
z: -0.006062197033315897
"
id,x,y,z
4,"x: 0.07876026630401611
y: 0.8589388132095337
z: -0.007101061753928661
"
id,x,y,z
5,"x: 0.12237080186605453
y: 0.7856791019439697
z: -0.022015433758497238
"
id,x,y,z
6,"x: 0.0981505736708641
y: 0.8751781582832336
z: -0.025887925177812576
"
id,x,y,z
7,"x: 0.08421245217323303
y: 0.9102237224578857
z: -0.02337808534502983
"
id,x,y,z
8,"x: 0.0736510306596756
y: 0.9307603240013123
z: -0.019854094833135605
"
id,x,y,z
9,"x: 0.14802804589271545
y: 0.8033514022827148
z: -0.02169448882341385
"
id,x,y,z
10,"x: 0.11957915872335434
y: 0.8953811526298523
z: -0.024625426158308983
"
id,x,y,z
11,"x: 0.10187152773141861
y: 0.9252578616142273
z: -0.019933035597205162
"
id,x,y,z
12,"x: 0.08933831751346588
y: 0.9350477457046509
z: -0.015703337267041206
"
id,x,y,z
13,"x: 0.16860033571720123
y: 0.8137072920799255
z: -0.019804177805781364
"
id,x,y,z
14,"x: 0.14048421382904053
y: 0.8941530585289001
z: -0.019348876550793648
"
id,x,y,z
15,"x: 0.12169431149959564
y: 0.9180805087089539
z: -0.013477690517902374
"
id,x,y,z
16,"x: 0.10851620882749557
y: 0.9248844981193542
z: -0.009568296372890472
"
id,x,y,z
17,"x: 0.18358106911182404
y: 0.8172401189804077
z: -0.01772307977080345
"
id,x,y,z
18,"x: 0.1607987880706787
y: 0.8817717432975769
z: -0.015672782436013222
"
id,x,y,z
19,"x: 0.14458635449409485
y: 0.8982213139533997
z: -0.009810063056647778
"
id,x,y,z
20,"x: 0.1329299360513687
y: 0.9001966714859009
z: -0.005096730310469866
"
id,x,y,z
0,"x: 0.19044578075408936
y: 0.6927379369735718
z: 2.6358404170423455e-07
"
id,x,y,z
1,"x: 0.14607976377010345
y: 0.7122713327407837
z: -0.0014168943744152784
"
id,x,y,z
2,"x: 0.11812290549278259
y: 0.7597635984420776
z: -0.005311743821948767
"
id,x,y,z
3,"x: 0.10411208868026733
y: 0.8168773055076599
z: -0.007476964965462685
"
id,x,y,z
4,"x: 0.09825465083122253
y: 0.863649308681488
z: -0.009569242596626282
"
id,x,y,z
5,"x: 0.13722115755081177
y: 0.7887207269668579
z: -0.02285170555114746
"
id,x,y,z
6,"x: 0.11666253954172134
y: 0.8780428767204285
z: -0.02827426977455616
"
id,x,y,z
7,"x: 0.10399909317493439
y: 0.9096586108207703
z: -0.027065973728895187
"
id,x,y,z
8,"x: 0.09484986215829849
y: 0.9254755973815918
z: -0.024257656186819077
"
id,x,y,z
9,"x: 0.1638670265674591
y: 0.8030961155891418
z: -0.02332000434398651
"
id,x,y,z
10,"x: 0.13922430574893951
y: 0.8940383195877075
z: -0.028375932946801186
"
id,x,y,z
11,"x: 0.1218760684132576
y: 0.9232913255691528
z: -0.02572709135711193
"
id,x,y,z
12,"x: 0.10926921665668488
y: 0.9313771724700928
z: -0.022850332781672478
"
id,x,y,z
13,"x: 0.18511685729026794
y: 0.8119025230407715
z: -0.02208266779780388
"
id,x,y,z
14,"x: 0.16096527874469757
y: 0.891368567943573
z: -0.023179763928055763
"
id,x,y,z
15,"x: 0.14287921786308289
y: 0.9140200614929199
z: -0.018659325316548347
"
id,x,y,z
16,"x: 0.13006198406219482
y: 0.9190657138824463
z: -0.015622146427631378
"
id,x,y,z
17,"x: 0.20054489374160767
y: 0.8143318891525269
z: -0.020517684519290924
"
id,x,y,z
18,"x: 0.17909696698188782
y: 0.876662015914917
z: -0.019502095878124237
"
id,x,y,z
19,"x: 0.16386368870735168
y: 0.8915010094642639
z: -0.014216461218893528
"
id,x,y,z
20,"x: 0.15316854417324066
y: 0.8928580284118652
z: -0.009833198972046375
"
id,x,y,z
0,"x: 0.21566633880138397
y: 0.6824860572814941
z: 1.485684606450377e-07
"
id,x,y,z
1,"x: 0.17506225407123566
y: 0.700164258480072
z: -0.0003566088271327317
"
id,x,y,z
2,"x: 0.15162847936153412
y: 0.7508742213249207
z: -0.0020092034246772528
"
id,x,y,z
3,"x: 0.14185848832130432
y: 0.8108914494514465
z: -0.002460239687934518
"
id,x,y,z
4,"x: 0.1342894434928894
y: 0.8544833064079285
z: -0.002705131657421589
"
id,x,y,z
5,"x: 0.16722378134727478
y: 0.7879212498664856
z: -0.013197717256844044
"
id,x,y,z
6,"x: 0.15498340129852295
y: 0.8684148192405701
z: -0.015537726692855358
"
id,x,y,z
7,"x: 0.14555296301841736
y: 0.8942770957946777
z: -0.013107333332300186
"
id,x,y,z
8,"x: 0.13899850845336914
y: 0.906231164932251
z: -0.010234203189611435
"
id,x,y,z
9,"x: 0.19108393788337708
y: 0.7962252497673035
z: -0.013408396393060684
"
id,x,y,z
10,"x: 0.17408537864685059
y: 0.8788586854934692
z: -0.015785785391926765
"
id,x,y,z
11,"x: 0.16025829315185547
y: 0.9003474712371826
z: -0.01263289526104927
"
id,x,y,z
12,"x: 0.14976218342781067
y: 0.9048042297363281
z: -0.009861723519861698
"
id,x,y,z
13,"x: 0.20989921689033508
y: 0.7985696792602539
z: -0.012418418191373348
"
id,x,y,z
14,"x: 0.19224241375923157
y: 0.8734498023986816
z: -0.013695914298295975
"
id,x,y,z
15,"x: 0.1772937923669815
y: 0.893420934677124
z: -0.009712480008602142
"
id,x,y,z
16,"x: 0.1665635108947754
y: 0.8989788293838501
z: -0.006872095167636871
"
id,x,y,z
17,"x: 0.22432273626327515
y: 0.7956951856613159
z: -0.010965771041810513
"
id,x,y,z
18,"x: 0.2084607183933258
y: 0.8574894666671753
z: -0.011140109039843082
"
id,x,y,z
19,"x: 0.19521865248680115
y: 0.8739078044891357
z: -0.007084281649440527
"
id,x,y,z
20,"x: 0.18510116636753082
y: 0.8789987564086914
z: -0.003503004088997841
"
id,x,y,z
0,"x: 0.23874229192733765
y: 0.6694312691688538
z: 1.0655834614681226e-07
"
id,x,y,z
1,"x: 0.1975843459367752
y: 0.687452495098114
z: 0.0005308105610311031
"
id,x,y,z
2,"x: 0.17527341842651367
y: 0.7334421873092651
z: -0.0010496539762243629
"
id,x,y,z
3,"x: 0.16433601081371307
y: 0.7915524840354919
z: -0.001779672340489924
"
id,x,y,z
4,"x: 0.15393327176570892
y: 0.8355281352996826
z: -0.0015954674454405904
"
id,x,y,z
5,"x: 0.19377711415290833
y: 0.7756646871566772
z: -0.009540576487779617
"
id,x,y,z
6,"x: 0.1810586005449295
y: 0.8585701584815979
z: -0.010378374718129635
"
id,x,y,z
7,"x: 0.1706298291683197
y: 0.8636012077331543
z: -0.006984142120927572
"
id,x,y,z
8,"x: 0.16698817908763885
y: 0.8540453910827637
z: -0.0031069512479007244
"
id,x,y,z
9,"x: 0.21692538261413574
y: 0.7821336984634399
z: -0.00942122470587492
"
id,x,y,z
10,"x: 0.20010873675346375
y: 0.8644602298736572
z: -0.00830541830509901
"
id,x,y,z
11,"x: 0.18718965351581573
y: 0.8695837259292603
z: -0.0040435995906591415
"
id,x,y,z
12,"x: 0.1819445937871933
y: 0.8591500520706177
z: -0.001220409176312387
"
id,x,y,z
13,"x: 0.23583164811134338
y: 0.7806510925292969
z: -0.008190498687326908
"
id,x,y,z
14,"x: 0.21824771165847778
y: 0.8526737689971924
z: -0.0058742789551615715
"
id,x,y,z
15,"x: 0.20511244237422943
y: 0.8604341149330139
z: -0.0003628699923865497
"
id,x,y,z
16,"x: 0.19959869980812073
y: 0.8545931577682495
z: 0.0026285548228770494
"
id,x,y,z
17,"x: 0.25063377618789673
y: 0.7736160159111023
z: -0.006523930002003908
"
id,x,y,z
18,"x: 0.235117107629776
y: 0.8309527039527893
z: -0.003886902704834938
"
id,x,y,z
19,"x: 0.22275611758232117
y: 0.838508665561676
z: 0.0017284483183175325
"
id,x,y,z
20,"x: 0.21687602996826172
y: 0.8337065577507019
z: 0.005938014946877956
"
id,x,y,z
0,"x: 0.2592744827270508
y: 0.6490797400474548
z: 7.389388656520168e-08
"
id,x,y,z
1,"x: 0.21951451897621155
y: 0.6685469746589661
z: -0.0010458237957209349
"
id,x,y,z
2,"x: 0.19841325283050537
y: 0.7152255177497864
z: -0.004272996913641691
"
id,x,y,z
3,"x: 0.18648743629455566
y: 0.7696864008903503
z: -0.0064391326159238815
"
id,x,y,z
4,"x: 0.1751735508441925
y: 0.8095034956932068
z: -0.0075407978147268295
"
id,x,y,z
5,"x: 0.21694187819957733
y: 0.7557792663574219
z: -0.015217974781990051
"
id,x,y,z
6,"x: 0.20446863770484924
y: 0.8376724123954773
z: -0.017937423661351204
"
id,x,y,z
7,"x: 0.19176742434501648
y: 0.8387579321861267
z: -0.014974120073020458
"
id,x,y,z
8,"x: 0.18819138407707214
y: 0.8209360241889954
z: -0.010913463309407234
"
id,x,y,z
9,"x: 0.23929306864738464
y: 0.7635557651519775
z: -0.014661394990980625
"
id,x,y,z
10,"x: 0.2208148092031479
y: 0.8404260277748108
z: -0.013880212791264057
"
id,x,y,z
11,"x: 0.20815345644950867
y: 0.8355261087417603
z: -0.008875608444213867
"
id,x,y,z
12,"x: 0.20525690913200378
y: 0.8181881904602051
z: -0.005861702840775251
"
id,x,y,z
13,"x: 0.25770512223243713
y: 0.7637110352516174
z: -0.012883425690233707
"
id,x,y,z
14,"x: 0.23833735287189484
y: 0.8314573764801025
z: -0.01048470102250576
"
id,x,y,z
15,"x: 0.2265802025794983
y: 0.8265834450721741
z: -0.003564482554793358
"
id,x,y,z
16,"x: 0.22453653812408447
y: 0.8104735016822815
z: -0.0001280432043131441
"
id,x,y,z
17,"x: 0.2720067799091339
y: 0.7579260468482971
z: -0.010850213468074799
"
id,x,y,z
18,"x: 0.25424960255622864
y: 0.8110774159431458
z: -0.008674699813127518
"
id,x,y,z
19,"x: 0.24202245473861694
y: 0.810552179813385
z: -0.002529910998418927
"
id,x,y,z
20,"x: 0.23846335709095
y: 0.7987149953842163
z: 0.0019194306805729866
"
id,x,y,z
0,"x: 0.27629318833351135
y: 0.6390236616134644
z: 4.4908546215083334e-08
"
id,x,y,z
1,"x: 0.23846730589866638
y: 0.6586376428604126
z: -0.0044123269617557526
"
id,x,y,z
2,"x: 0.21868425607681274
y: 0.7053447961807251
z: -0.0062333508394658566
"
id,x,y,z
3,"x: 0.2079862356185913
y: 0.7585225105285645
z: -0.006684153340756893
"
id,x,y,z
4,"x: 0.19886834919452667
y: 0.7989979386329651
z: -0.005391313228756189
"
id,x,y,z
5,"x: 0.24081744253635406
y: 0.7449896931648254
z: -0.007843395695090294
"
id,x,y,z
6,"x: 0.226220041513443
y: 0.8160638213157654
z: -0.009660890325903893
"
id,x,y,z
7,"x: 0.21288490295410156
y: 0.8092880845069885
z: -0.008808691054582596
"
id,x,y,z
8,"x: 0.20844192802906036
y: 0.7936731576919556
z: -0.007065452169626951
"
id,x,y,z
9,"x: 0.25912976264953613
y: 0.752872884273529
z: -0.005046263802796602
"
id,x,y,z
10,"x: 0.2396460771560669
y: 0.820409893989563
z: -0.004148166626691818
"
id,x,y,z
11,"x: 0.22585918009281158
y: 0.8123824000358582
z: -0.002890858333557844
"
id,x,y,z
12,"x: 0.22225791215896606
y: 0.7935726642608643
z: -0.002691069385036826
"
id,x,y,z
13,"x: 0.2721967399120331
y: 0.7533336281776428
z: -0.001997782150283456
"
id,x,y,z
14,"x: 0.2531314790248871
y: 0.8136348724365234
z: 4.430657281773165e-05
"
id,x,y,z
15,"x: 0.23969192802906036
y: 0.8066747188568115
z: 0.0027473503723740578
"
id,x,y,z
16,"x: 0.23596981167793274
y: 0.7893199920654297
z: 0.0034079698380082846
"
id,x,y,z
17,"x: 0.28072389960289
y: 0.7499281167984009
z: 0.0008160318247973919
"
id,x,y,z
18,"x: 0.2647930681705475
y: 0.7941277623176575
z: 0.002534138271585107
"
id,x,y,z
19,"x: 0.2524142563343048
y: 0.7931166291236877
z: 0.0053318259306252
"
id,x,y,z
20,"x: 0.24815446138381958
y: 0.7806404829025269
z: 0.007141122128814459
"
id,x,y,z
0,"x: 0.2855076491832733
y: 0.639989972114563
z: 1.0588905041686303e-07
"
id,x,y,z
1,"x: 0.25070250034332275
y: 0.6591676473617554
z: -0.0077079180628061295
"
id,x,y,z
2,"x: 0.23298513889312744
y: 0.7025847434997559
z: -0.00913134217262268
"
id,x,y,z
3,"x: 0.22258076071739197
y: 0.751045286655426
z: -0.008988172747194767
"
id,x,y,z
4,"x: 0.21339614689350128
y: 0.7889248132705688
z: -0.006803011987358332
"
id,x,y,z
5,"x: 0.25780612230300903
y: 0.7445254325866699
z: -0.003163911635056138
"
id,x,y,z
6,"x: 0.23909716308116913
y: 0.8077645301818848
z: -0.004982681944966316
"
id,x,y,z
7,"x: 0.2248193472623825
y: 0.8052525520324707
z: -0.005576919298619032
"
id,x,y,z
8,"x: 0.21799634397029877
y: 0.7957609295845032
z: -0.005107296165078878
"
id,x,y,z
9,"x: 0.2723062336444855
y: 0.7522371411323547
z: 0.0013562535168603063
"
id,x,y,z
10,"x: 0.2505432665348053
y: 0.8108782172203064
z: 0.0008236055145971477
"
id,x,y,z
11,"x: 0.23638364672660828
y: 0.8070574998855591
z: -0.00019131271983496845
"
id,x,y,z
12,"x: 0.23026162385940552
y: 0.7946982979774475
z: -0.0008111170609481633
"
id,x,y,z
13,"x: 0.2804582715034485
y: 0.7523398399353027
z: 0.005247891880571842
"
id,x,y,z
14,"x: 0.2594734728336334
y: 0.8038461804389954
z: 0.005645408760756254
"
id,x,y,z
15,"x: 0.2455746829509735
y: 0.8016362190246582
z: 0.005898831412196159
"
id,x,y,z
16,"x: 0.23919875919818878
y: 0.7912489771842957
z: 0.005871753208339214
"
id,x,y,z
17,"x: 0.28343507647514343
y: 0.7496998310089111
z: 0.008463057689368725
"
id,x,y,z
18,"x: 0.2669338881969452
y: 0.7915553450584412
z: 0.008856039494276047
"
id,x,y,z
19,"x: 0.2541012167930603
y: 0.7957553267478943
z: 0.009733688086271286
"
id,x,y,z
20,"x: 0.2471456527709961
y: 0.7892189621925354
z: 0.010743464343249798
"
id,x,y,z
0,"x: 0.2918884754180908
y: 0.6458010673522949
z: 2.1344520462207583e-07
"
id,x,y,z
1,"x: 0.26805636286735535
y: 0.663680374622345
z: -0.01359123457223177
"
id,x,y,z
2,"x: 0.25210481882095337
y: 0.7068207859992981
z: -0.017366504296660423
"
id,x,y,z
3,"x: 0.24259053170681
y: 0.7529451251029968
z: -0.018984179943799973
"
id,x,y,z
4,"x: 0.2333804816007614
y: 0.7912209630012512
z: -0.018691960722208023
"
id,x,y,z
5,"x: 0.27287518978118896
y: 0.7494434118270874
z: -0.0036084435414522886
"
id,x,y,z
6,"x: 0.2553928792476654
y: 0.8091189861297607
z: -0.008465848863124847
"
id,x,y,z
7,"x: 0.24055516719818115
y: 0.8236116766929626
z: -0.011941365897655487
"
id,x,y,z
8,"x: 0.2318338006734848
y: 0.8267874717712402
z: -0.012873239815235138
"
id,x,y,z
9,"x: 0.2800377309322357
y: 0.7558050155639648
z: 0.002882914151996374
"
id,x,y,z
10,"x: 0.26285263895988464
y: 0.8118675947189331
z: -0.00011699471360770985
"
id,x,y,z
11,"x: 0.2478959709405899
y: 0.8293073177337646
z: -0.003723753150552511
"
id,x,y,z
12,"x: 0.23685336112976074
y: 0.8390135169029236
z: -0.0057596913538873196
"
id,x,y,z
13,"x: 0.28217509388923645
y: 0.7588695883750916
z: 0.007651288062334061
"
id,x,y,z
14,"x: 0.2654060125350952
y: 0.8080050945281982
z: 0.00541235227137804
"
id,x,y,z
15,"x: 0.2520134150981903
y: 0.8246498703956604
z: 0.0038420602213591337
"
id,x,y,z
16,"x: 0.24168789386749268
y: 0.8357318639755249
z: 0.0034105414524674416
"
id,x,y,z
17,"x: 0.2804710865020752
y: 0.7605253458023071
z: 0.01110613439232111
"
id,x,y,z
18,"x: 0.26709431409835815
y: 0.8060762286186218
z: 0.010323191992938519
"
id,x,y,z
19,"x: 0.25437432527542114
y: 0.8229723572731018
z: 0.010662848129868507
"
id,x,y,z
20,"x: 0.24512499570846558
y: 0.8315436244010925
z: 0.011742320843040943
"
id,x,y,z
0,"x: 0.24514228105545044
y: 0.7438047528266907
z: 1.2029754969944406e-08
"
id,x,y,z
1,"x: 0.2318180650472641
y: 0.7570700645446777
z: -0.016205627471208572
"
id,x,y,z
2,"x: 0.2243512123823166
y: 0.7944608330726624
z: -0.02178514003753662
"
id,x,y,z
3,"x: 0.21660557389259338
y: 0.8339776396751404
z: -0.023578783497214317
"
id,x,y,z
4,"x: 0.20824332535266876
y: 0.8636083006858826
z: -0.022637750953435898
"
id,x,y,z
5,"x: 0.23532907664775848
y: 0.8263169527053833
z: -0.016688553616404533
"
id,x,y,z
6,"x: 0.22000977396965027
y: 0.876646876335144
z: -0.021009597927331924
"
id,x,y,z
7,"x: 0.21312215924263
y: 0.8631633520126343
z: -0.021336443722248077
"
id,x,y,z
8,"x: 0.21409685909748077
y: 0.8444679975509644
z: -0.019666535779833794
"
id,x,y,z
9,"x: 0.24029794335365295
y: 0.8339154720306396
z: -0.007191777694970369
"
id,x,y,z
10,"x: 0.22377337515354156
y: 0.8791296482086182
z: -0.009245667606592178
"
id,x,y,z
11,"x: 0.21633735299110413
y: 0.8642359972000122
z: -0.009152860380709171
"
id,x,y,z
12,"x: 0.2168140709400177
y: 0.8487458825111389
z: -0.008597512729465961
"
id,x,y,z
13,"x: 0.24124464392662048
y: 0.8355628252029419
z: 0.0013153221225365996
"
id,x,y,z
14,"x: 0.22492949664592743
y: 0.87293541431427
z: 0.00021454635134432465
"
id,x,y,z
15,"x: 0.21925495564937592
y: 0.8605530858039856
z: -0.000135595299070701
"
id,x,y,z
16,"x: 0.2202119678258896
y: 0.8472166657447815
z: -8.79476428963244e-05
"
id,x,y,z
17,"x: 0.23877857625484467
y: 0.835225522518158
z: 0.00878838635981083
"
id,x,y,z
18,"x: 0.22575746476650238
y: 0.8661072254180908
z: 0.008049982599914074
"
id,x,y,z
19,"x: 0.21929387748241425
y: 0.858131468296051
z: 0.007452660705894232
"
id,x,y,z
20,"x: 0.2198898047208786
y: 0.8447776436805725
z: 0.007429986726492643
"
id,x,y,z
0,"x: 0.24501343071460724
y: 0.7281049489974976
z: 1.0727803356758159e-07
"
id,x,y,z
1,"x: 0.22622619569301605
y: 0.7420167922973633
z: -0.011413253843784332
"
id,x,y,z
2,"x: 0.21744298934936523
y: 0.7793487906455994
z: -0.01402235496789217
"
id,x,y,z
3,"x: 0.2115679383277893
y: 0.816669762134552
z: -0.0137803228572011
"
id,x,y,z
4,"x: 0.2066817730665207
y: 0.8474563956260681
z: -0.011873116716742516
"
id,x,y,z
5,"x: 0.23691295087337494
y: 0.8129991888999939
z: -0.010490590706467628
"
id,x,y,z
6,"x: 0.22556635737419128
y: 0.8599478602409363
z: -0.01157643273472786
"
id,x,y,z
7,"x: 0.2149457037448883
y: 0.8672760128974915
z: -0.010663974098861217
"
id,x,y,z
8,"x: 0.20963677763938904
y: 0.8660247325897217
z: -0.009159291163086891
"
id,x,y,z
9,"x: 0.24591805040836334
y: 0.817539632320404
z: -0.003750481642782688
"
id,x,y,z
10,"x: 0.2310311496257782
y: 0.8600442409515381
z: -0.0034800763241946697
"
id,x,y,z
11,"x: 0.21929214894771576
y: 0.8613178730010986
z: -0.0030582777690142393
"
id,x,y,z
12,"x: 0.21373070776462555
y: 0.8559769988059998
z: -0.0027517792768776417
"
id,x,y,z
13,"x: 0.2497265487909317
y: 0.8165410161018372
z: 0.002453467808663845
"
id,x,y,z
14,"x: 0.23444044589996338
y: 0.8511757850646973
z: 0.002743189688771963
"
id,x,y,z
15,"x: 0.22401940822601318
y: 0.8485642075538635
z: 0.0024532522074878216
"
id,x,y,z
16,"x: 0.21920157968997955
y: 0.8416210412979126
z: 0.002104443497955799
"
id,x,y,z
17,"x: 0.24981360137462616
y: 0.8140447735786438
z: 0.007908467203378677
"
id,x,y,z
18,"x: 0.2365775853395462
y: 0.8424099087715149
z: 0.00786751788109541
"
id,x,y,z
19,"x: 0.22655610740184784
y: 0.8428699970245361
z: 0.007826498709619045
"
id,x,y,z
20,"x: 0.2217915952205658
y: 0.8357314467430115
z: 0.008135872893035412
"
id,x,y,z
0,"x: 0.2462974637746811
y: 0.7326359152793884
z: 9.589339100557481e-08
"
id,x,y,z
1,"x: 0.22638443112373352
y: 0.7439340353012085
z: -0.015533842146396637
"
id,x,y,z
2,"x: 0.21694760024547577
y: 0.7876953482627869
z: -0.017572913318872452
"
id,x,y,z
3,"x: 0.21200503408908844
y: 0.8300402164459229
z: -0.01625782623887062
"
id,x,y,z
4,"x: 0.20806172490119934
y: 0.8658556938171387
z: -0.012713568285107613
"
id,x,y,z
5,"x: 0.2417444884777069
y: 0.820112407207489
z: -0.0057976134121418
"
id,x,y,z
6,"x: 0.22785699367523193
y: 0.8705698251724243
z: -0.006091666873544455
"
id,x,y,z
7,"x: 0.21411077678203583
y: 0.8672364354133606
z: -0.0046798232942819595
"
id,x,y,z
8,"x: 0.2104848027229309
y: 0.8542416095733643
z: -0.0020749385003000498
"
id,x,y,z
9,"x: 0.24704156816005707
y: 0.825291633605957
z: 0.003911212552338839
"
id,x,y,z
10,"x: 0.23081962764263153
y: 0.8712798357009888
z: 0.004468940198421478
"
id,x,y,z
11,"x: 0.21708446741104126
y: 0.8613595962524414
z: 0.003792411182075739
"
id,x,y,z
12,"x: 0.213719442486763
y: 0.8462983965873718
z: 0.004310777876526117
"
id,x,y,z
13,"x: 0.24715329706668854
y: 0.8258695602416992
z: 0.012189201079308987
"
id,x,y,z
14,"x: 0.23024044930934906
y: 0.8652045130729675
z: 0.011249599978327751
"
id,x,y,z
15,"x: 0.2185503989458084
y: 0.855122983455658
z: 0.008723028004169464
"
id,x,y,z
16,"x: 0.2157382369041443
y: 0.842741847038269
z: 0.007885076105594635
"
id,x,y,z
17,"x: 0.24508246779441833
y: 0.82651287317276
z: 0.019574351608753204
"
id,x,y,z
18,"x: 0.2310194969177246
y: 0.8605417013168335
z: 0.01809992827475071
"
id,x,y,z
19,"x: 0.22098124027252197
y: 0.8549581170082092
z: 0.01626203954219818
"
id,x,y,z
20,"x: 0.2177814543247223
y: 0.8431074619293213
z: 0.015850765630602837
"
id,x,y,z
0,"x: 0.2515895664691925
y: 0.7079834938049316
z: 1.849095099260012e-07
"
id,x,y,z
1,"x: 0.22904649376869202
y: 0.7298570871353149
z: -0.01799660362303257
"
id,x,y,z
2,"x: 0.21935026347637177
y: 0.7774524092674255
z: -0.019878309220075607
"
id,x,y,z
3,"x: 0.2148769348859787
y: 0.8201515078544617
z: -0.01752394810318947
"
id,x,y,z
4,"x: 0.21147553622722626
y: 0.858024001121521
z: -0.012912902049720287
"
id,x,y,z
5,"x: 0.24712830781936646
y: 0.8045665621757507
z: -0.0034705796279013157
"
id,x,y,z
6,"x: 0.23954622447490692
y: 0.8562518358230591
z: 0.0005121201393194497
"
id,x,y,z
7,"x: 0.22457747161388397
y: 0.8622817993164062
z: 0.0035973936319351196
"
id,x,y,z
8,"x: 0.21589750051498413
y: 0.8539286255836487
z: 0.006438934709876776
"
id,x,y,z
9,"x: 0.25277429819107056
y: 0.8028529286384583
z: 0.009134541265666485
"
id,x,y,z
10,"x: 0.2404782772064209
y: 0.8458635807037354
z: 0.015576205216348171
"
id,x,y,z
11,"x: 0.22457167506217957
y: 0.8485987782478333
z: 0.015346569940447807
"
id,x,y,z
12,"x: 0.2149556428194046
y: 0.840931236743927
z: 0.014289806596934795
"
id,x,y,z
13,"x: 0.2537607252597809
y: 0.797712504863739
z: 0.020186251029372215
"
id,x,y,z
14,"x: 0.23837408423423767
y: 0.8292310833930969
z: 0.025891661643981934
"
id,x,y,z
15,"x: 0.22484993934631348
y: 0.8310878872871399
z: 0.02236652374267578
"
id,x,y,z
16,"x: 0.21678225696086884
y: 0.827150821685791
z: 0.0185561366379261
"
id,x,y,z
17,"x: 0.2521458566188812
y: 0.7916042804718018
z: 0.029784195125102997
"
id,x,y,z
18,"x: 0.23825526237487793
y: 0.8163850903511047
z: 0.032676637172698975
"
id,x,y,z
19,"x: 0.22577954828739166
y: 0.8183357119560242
z: 0.029935138300061226
"
id,x,y,z
20,"x: 0.2184411585330963
y: 0.812715470790863
z: 0.027574095875024796
"
id,x,y,z
0,"x: 0.2465345859527588
y: 0.6991549134254456
z: 1.5948677400956512e-07
"
id,x,y,z
1,"x: 0.22327402234077454
y: 0.7165356874465942
z: -0.018222123384475708
"
id,x,y,z
2,"x: 0.21441340446472168
y: 0.7626623511314392
z: -0.022511731833219528
"
id,x,y,z
3,"x: 0.2113988697528839
y: 0.8072166442871094
z: -0.02254476211965084
"
id,x,y,z
4,"x: 0.20877720415592194
y: 0.8446348905563354
z: -0.02000751718878746
"
id,x,y,z
5,"x: 0.24705913662910461
y: 0.787250280380249
z: -0.016307782381772995
"
id,x,y,z
6,"x: 0.23414340615272522
y: 0.8503991365432739
z: -0.01802820712327957
"
id,x,y,z
7,"x: 0.21704907715320587
y: 0.8543916940689087
z: -0.015447036363184452
"
id,x,y,z
8,"x: 0.2098105102777481
y: 0.8409901261329651
z: -0.011853772215545177
"
id,x,y,z
9,"x: 0.25615131855010986
y: 0.7884962558746338
z: -0.005537477787584066
"
id,x,y,z
10,"x: 0.2380160689353943
y: 0.8438539505004883
z: -0.006064241752028465
"
id,x,y,z
11,"x: 0.21970193088054657
y: 0.841925859451294
z: -0.005722503177821636
"
id,x,y,z
12,"x: 0.21178454160690308
y: 0.8284188508987427
z: -0.005136624909937382
"
id,x,y,z
13,"x: 0.25820350646972656
y: 0.7855034470558167
z: 0.004250795114785433
"
id,x,y,z
14,"x: 0.23833858966827393
y: 0.8290148377418518
z: 0.003168624360114336
"
id,x,y,z
15,"x: 0.22223299741744995
y: 0.8256405591964722
z: 0.0009007361950352788
"
id,x,y,z
16,"x: 0.2154974639415741
y: 0.8133155703544617
z: -0.0006805803277529776
"
id,x,y,z
17,"x: 0.2570679485797882
y: 0.7826189994812012
z: 0.012908272445201874
"
id,x,y,z
18,"x: 0.23986220359802246
y: 0.815474271774292
z: 0.00983757246285677
"
id,x,y,z
19,"x: 0.22613674402236938
y: 0.8123591542243958
z: 0.006933757569640875
"
id,x,y,z
20,"x: 0.2205015867948532
y: 0.7983685731887817
z: 0.005552387796342373
"
id,x,y,z
0,"x: 0.2330823838710785
y: 0.6946433782577515
z: 1.2382214720219054e-07
"
id,x,y,z
1,"x: 0.20744095742702484
y: 0.7140920162200928
z: -0.021113183349370956
"
id,x,y,z
2,"x: 0.1993759274482727
y: 0.7629332542419434
z: -0.02613040991127491
"
id,x,y,z
3,"x: 0.1957990527153015
y: 0.8090890645980835
z: -0.024901948869228363
"
id,x,y,z
4,"x: 0.19117428362369537
y: 0.8448701500892639
z: -0.021087318658828735
"
id,x,y,z
5,"x: 0.23632873594760895
y: 0.787682294845581
z: -0.026893187314271927
"
id,x,y,z
6,"x: 0.2184312343597412
y: 0.8519935607910156
z: -0.027084019035100937
"
id,x,y,z
7,"x: 0.20024506747722626
y: 0.8530941605567932
z: -0.021444709971547127
"
id,x,y,z
8,"x: 0.19286896288394928
y: 0.8400245308876038
z: -0.015920307487249374
"
id,x,y,z
9,"x: 0.24681472778320312
y: 0.7898676991462708
z: -0.013097229413688183
"
id,x,y,z
10,"x: 0.2236156165599823
y: 0.8432676196098328
z: -0.011667482554912567
"
id,x,y,z
11,"x: 0.20451323688030243
y: 0.8379035592079163
z: -0.008504040539264679
"
id,x,y,z
12,"x: 0.1967153400182724
y: 0.8239235877990723
z: -0.006602986250072718
"
id,x,y,z
13,"x: 0.24863414466381073
y: 0.7874102592468262
z: 0.00047917882329784334
"
id,x,y,z
14,"x: 0.22431205213069916
y: 0.8274936676025391
z: 0.0009762435802258551
"
id,x,y,z
15,"x: 0.20799705386161804
y: 0.820329487323761
z: 0.0002318910846952349
"
id,x,y,z
16,"x: 0.20094206929206848
y: 0.8064020872116089
z: -0.0009392075589857996
"
id,x,y,z
17,"x: 0.2469165325164795
y: 0.7839785218238831
z: 0.013006450608372688
"
id,x,y,z
18,"x: 0.2263525277376175
y: 0.8131653666496277
z: 0.011316877789795399
"
id,x,y,z
19,"x: 0.21345071494579315
y: 0.8061947822570801
z: 0.00898855458945036
"
id,x,y,z
20,"x: 0.20757970213890076
y: 0.792207658290863
z: 0.0075916629284620285
"
id,x,y,z
0,"x: 0.2270936220884323
y: 0.6929817795753479
z: 1.3162053846826893e-07
"
id,x,y,z
1,"x: 0.20089589059352875
y: 0.7137046456336975
z: -0.018107259646058083
"
id,x,y,z
2,"x: 0.1917279213666916
y: 0.7588976621627808
z: -0.02401627227663994
"
id,x,y,z
3,"x: 0.1875857412815094
y: 0.8048657178878784
z: -0.024762339890003204
"
id,x,y,z
4,"x: 0.18210670351982117
y: 0.840813398361206
z: -0.022935032844543457
"
id,x,y,z
5,"x: 0.22558654844760895
y: 0.7833972573280334
z: -0.02524712309241295
"
id,x,y,z
6,"x: 0.21024903655052185
y: 0.847655177116394
z: -0.026965433731675148
"
id,x,y,z
7,"x: 0.19339117407798767
y: 0.850442111492157
z: -0.02269929274916649
"
id,x,y,z
8,"x: 0.18591558933258057
y: 0.8385432362556458
z: -0.01810203120112419
"
id,x,y,z
9,"x: 0.23769231140613556
y: 0.7858597636222839
z: -0.014214293099939823
"
id,x,y,z
10,"x: 0.21741898357868195
y: 0.8424826264381409
z: -0.01500005554407835
"
id,x,y,z
11,"x: 0.1995803415775299
y: 0.8415073752403259
z: -0.012311338447034359
"
id,x,y,z
12,"x: 0.19159893691539764
y: 0.8293716907501221
z: -0.010270816273987293
"
id,x,y,z
13,"x: 0.24154043197631836
y: 0.7844045758247375
z: -0.0032288683578372
"
id,x,y,z
14,"x: 0.22046984732151031
y: 0.8296810388565063
z: -0.003983046393841505
"
id,x,y,z
15,"x: 0.2048410028219223
y: 0.8260343670845032
z: -0.003338530194014311
"
id,x,y,z
16,"x: 0.1976465880870819
y: 0.8135175704956055
z: -0.00315644359216094
"
id,x,y,z
17,"x: 0.24102690815925598
y: 0.7822023630142212
z: 0.006785510573536158
"
id,x,y,z
18,"x: 0.22314578294754028
y: 0.8160530924797058
z: 0.005024476908147335
"
id,x,y,z
19,"x: 0.21121002733707428
y: 0.812415599822998
z: 0.0042778863571584225
"
id,x,y,z
20,"x: 0.2053394615650177
y: 0.8001811504364014
z: 0.004268726333975792
"
id,x,y,z
0,"x: 0.21438875794410706
y: 0.6975299119949341
z: 1.1823667733779075e-07
"
id,x,y,z
1,"x: 0.187594935297966
y: 0.7170934677124023
z: -0.014650650322437286
"
id,x,y,z
2,"x: 0.1805977076292038
y: 0.7633427977561951
z: -0.019549435004591942
"
id,x,y,z
3,"x: 0.17886020243167877
y: 0.8105772733688354
z: -0.020099561661481857
"
id,x,y,z
4,"x: 0.17462894320487976
y: 0.84617680311203
z: -0.018191631883382797
"
id,x,y,z
5,"x: 0.21270351111888885
y: 0.7832427024841309
z: -0.02386132813990116
"
id,x,y,z
6,"x: 0.20098036527633667
y: 0.8510664105415344
z: -0.025820599868893623
"
id,x,y,z
7,"x: 0.18559889495372772
y: 0.8550530076026917
z: -0.021617116406559944
"
id,x,y,z
8,"x: 0.17889279127120972
y: 0.8442742228507996
z: -0.017182422801852226
"
id,x,y,z
9,"x: 0.226419597864151
y: 0.7862673401832581
z: -0.014876268804073334
"
id,x,y,z
10,"x: 0.207529217004776
y: 0.8450490236282349
z: -0.015871182084083557
"
id,x,y,z
11,"x: 0.19240984320640564
y: 0.8412685990333557
z: -0.012638581916689873
"
id,x,y,z
12,"x: 0.18783532083034515
y: 0.8287432789802551
z: -0.010350571013987064
"
id,x,y,z
13,"x: 0.23168863356113434
y: 0.7853735089302063
z: -0.005636736284941435
"
id,x,y,z
14,"x: 0.21077880263328552
y: 0.8326876163482666
z: -0.0056139216758310795
"
id,x,y,z
15,"x: 0.19749103486537933
y: 0.8266459703445435
z: -0.00306275044567883
"
id,x,y,z
16,"x: 0.19301344454288483
y: 0.8132051229476929
z: -0.001967846881598234
"
id,x,y,z
17,"x: 0.2321947067975998
y: 0.78412926197052
z: 0.002765549113973975
"
id,x,y,z
18,"x: 0.21431344747543335
y: 0.8188629746437073
z: 0.0022276120726019144
"
id,x,y,z
19,"x: 0.20400570333003998
y: 0.8143995404243469
z: 0.002980502787977457
"
id,x,y,z
20,"x: 0.20009620487689972
y: 0.8024797439575195
z: 0.0036735311150550842
"
id,x,y,z
0,"x: 0.21005870401859283
y: 0.6996591091156006
z: 1.3715244051581976e-07
"
id,x,y,z
1,"x: 0.18361300230026245
y: 0.7180391550064087
z: -0.015018882229924202
"
id,x,y,z
2,"x: 0.1756879836320877
y: 0.7621189951896667
z: -0.0202353335916996
"
id,x,y,z
3,"x: 0.1734500229358673
y: 0.8075096011161804
z: -0.021123580634593964
"
id,x,y,z
4,"x: 0.1699572056531906
y: 0.8428369164466858
z: -0.01977519318461418
"
id,x,y,z
5,"x: 0.20773427188396454
y: 0.7824053764343262
z: -0.024828149005770683
"
id,x,y,z
6,"x: 0.1965942233800888
y: 0.847378134727478
z: -0.027513187378644943
"
id,x,y,z
7,"x: 0.1815294474363327
y: 0.8550019860267639
z: -0.023968547582626343
"
id,x,y,z
8,"x: 0.17364200949668884
y: 0.8468109965324402
z: -0.019924314692616463
"
id,x,y,z
9,"x: 0.22094808518886566
y: 0.7863392233848572
z: -0.015914881601929665
"
id,x,y,z
10,"x: 0.2024368941783905
y: 0.8440752029418945
z: -0.017572565004229546
"
id,x,y,z
11,"x: 0.18659836053848267
y: 0.8438926935195923
z: -0.014367176219820976
"
id,x,y,z
12,"x: 0.18051202595233917
y: 0.8328040838241577
z: -0.011978224851191044
"
id,x,y,z
13,"x: 0.22589227557182312
y: 0.786472499370575
z: -0.006832336541265249
"
id,x,y,z
14,"x: 0.2056860476732254
y: 0.832282543182373
z: -0.007806308567523956
"
id,x,y,z
15,"x: 0.19205735623836517
y: 0.8271252512931824
z: -0.005323837976902723
"
id,x,y,z
16,"x: 0.1872180849313736
y: 0.8143462538719177
z: -0.00396533589810133
"
id,x,y,z
17,"x: 0.22634123265743256
y: 0.7858545780181885
z: 0.001393933780491352
"
id,x,y,z
18,"x: 0.20836718380451202
y: 0.8194907307624817
z: 4.5871242036810145e-05
"
id,x,y,z
19,"x: 0.19804519414901733
y: 0.814227283000946
z: 0.0007429245160892606
"
id,x,y,z
20,"x: 0.19419264793395996
y: 0.8014744520187378
z: 0.0016168019501492381
"
